,school,sex,age,address,famsize,Pstatus,Medu,Fedu,Mjob,Fjob,reason,guardian,traveltime,studytime,failures,schoolsup,famsup,paid,activities,nursery,higher,internet,romantic,famrel,freetime,goout,Dalc,Walc,health,absences,passed,Fitness,Predicted Labels
0,0,0,3,1,0,0,4,4,0,4,0,1,1,1,0,1,0,0,0,1,1,0,0,3,2,3,0,0,2,6,0,0,0
1,0,0,2,1,0,1,1,1,0,2,0,0,0,1,0,0,1,0,0,0,1,1,0,4,2,2,0,0,2,4,0,2,2
2,0,0,0,1,1,1,1,1,0,2,2,1,0,1,3,1,0,1,0,1,1,1,0,3,2,1,1,2,2,10,1,1,1
3,0,0,0,1,0,1,4,2,1,3,1,1,0,2,0,0,1,1,1,1,1,1,1,2,1,1,0,0,4,2,1,1,3
4,0,0,1,1,0,1,3,3,2,2,1,0,0,1,0,0,1,1,0,1,1,0,0,3,2,1,0,1,4,4,1,1,1
5,0,1,1,1,1,1,4,3,3,2,3,1,0,1,0,0,1,1,1,1,1,1,0,4,3,1,0,1,4,10,1,1,1
6,0,1,1,1,1,1,2,2,2,2,1,1,0,1,0,0,0,0,0,1,1,1,0,3,3,3,0,0,2,0,1,2,1
7,0,0,2,1,0,0,4,4,2,4,1,1,1,1,0,1,1,0,0,1,1,0,0,3,0,3,0,0,0,6,0,0,3
8,0,1,0,1,1,0,3,2,3,2,1,1,0,1,0,0,1,1,0,1,1,1,0,3,1,1,0,0,0,0,1,1,1
9,0,1,0,1,0,1,3,4,2,2,1,1,0,1,0,0,1,1,1,1,1,1,0,4,4,0,0,0,4,0,1,2,1
10,0,0,0,1,0,1,4,4,4,1,3,1,0,1,0,0,1,1,0,1,1,1,0,2,2,2,0,1,1,0,0,1,0
11,0,0,0,1,0,1,2,1,3,2,3,0,2,2,0,0,1,0,1,1,1,1,0,4,1,1,0,0,3,4,1,1,0
12,0,1,0,1,1,1,4,4,1,3,0,0,0,0,0,0,1,1,1,1,1,1,0,3,2,2,0,2,4,2,1,1,1
13,0,1,0,1,0,1,4,3,4,2,0,1,1,1,0,0,1,1,0,1,1,1,0,4,3,2,0,1,2,2,1,1,2
14,0,1,0,1,0,0,2,2,2,2,1,2,0,2,0,0,1,0,0,1,1,1,1,3,4,1,0,0,2,0,1,1,1
15,0,0,1,1,0,1,4,4,1,2,1,1,0,0,0,0,1,0,0,1,1,1,0,3,3,3,0,1,1,4,1,2,3
16,0,0,1,1,0,1,4,4,3,3,3,1,0,2,0,0,1,1,1,1,1,1,0,2,1,2,0,1,1,6,1,1,1
17,0,0,1,1,0,1,3,3,2,2,3,1,2,1,0,1,1,0,1,1,1,0,0,4,2,1,0,0,3,4,1,1,1
18,0,1,2,1,0,1,3,2,3,3,0,1,0,0,3,0,1,0,1,1,1,1,0,4,4,4,1,3,4,16,0,0,2
19,0,1,1,1,1,1,4,3,1,2,1,0,0,0,0,0,0,1,1,1,1,1,0,2,0,2,0,2,4,4,1,1,1
20,0,1,0,1,0,1,4,3,4,2,3,1,0,1,0,0,0,0,0,1,1,1,0,3,3,0,0,0,0,0,1,2,2
21,0,1,0,1,0,1,4,4,1,1,2,0,0,0,0,0,1,1,0,1,1,1,0,4,3,1,0,0,4,0,1,1,1
22,0,1,1,1,1,1,4,2,4,2,0,1,0,1,0,0,0,0,1,1,1,1,0,3,4,0,0,2,4,2,1,2,1
23,0,1,1,1,1,1,2,2,2,2,3,1,1,1,0,0,1,0,1,1,1,1,0,4,3,3,1,3,4,0,1,1,2
24,0,0,0,0,0,1,2,4,3,1,0,1,0,2,0,1,1,1,1,1,1,1,0,3,2,1,0,0,4,2,0,1,1
25,0,0,1,1,0,1,2,2,3,3,1,1,0,0,2,0,1,1,0,0,1,1,0,0,1,1,0,2,4,14,0,1,0
26,0,1,0,1,0,1,2,2,2,2,1,1,0,0,0,0,1,1,0,1,1,1,0,3,1,1,0,1,4,2,1,1,2
27,0,1,0,1,0,1,4,2,1,3,2,1,0,0,0,0,0,1,0,1,1,1,0,1,1,3,1,3,0,4,1,1,0
28,0,1,1,1,1,0,3,4,3,2,1,1,0,1,0,1,1,0,1,1,1,1,0,4,2,2,0,0,4,4,1,1,3
29,0,1,1,1,0,1,4,4,4,4,1,1,0,1,0,0,1,1,1,1,1,1,1,3,3,4,4,4,4,16,1,1,1
30,0,1,0,1,0,1,4,4,1,3,1,1,0,1,0,0,1,1,0,0,1,1,0,4,3,1,2,3,4,0,1,1,0
31,0,1,0,1,0,1,4,4,3,3,3,1,1,1,0,0,1,0,1,1,1,1,0,3,2,0,0,0,4,0,1,2,1
32,0,1,0,0,0,1,4,3,4,0,0,1,0,1,0,0,1,0,1,1,1,1,1,3,4,1,0,0,4,0,1,1,1
33,0,1,0,1,1,1,3,3,2,2,0,1,0,1,0,0,0,0,1,0,1,1,0,4,2,1,0,0,1,0,1,1,0
34,0,1,1,1,0,1,3,2,2,2,1,1,0,0,0,0,1,1,0,0,1,1,0,4,3,2,0,0,4,0,1,1,1
35,0,0,0,1,0,1,2,3,2,2,2,0,1,0,0,0,1,0,1,1,1,0,0,2,4,0,0,0,4,0,0,2,1
36,0,1,0,1,1,1,4,3,4,3,1,1,0,2,0,0,1,0,1,1,1,1,0,4,3,2,0,0,3,2,1,1,1
37,0,1,1,0,0,0,4,4,2,4,3,1,1,2,0,0,1,0,1,1,1,1,1,1,3,2,0,0,4,7,1,1,1
38,0,0,0,0,0,1,3,4,3,1,0,1,0,2,0,1,1,1,1,1,1,1,0,3,2,1,0,0,4,2,1,1,1
39,0,0,0,0,0,1,2,2,0,2,3,1,0,0,0,1,1,1,1,1,1,0,0,3,2,0,0,0,1,8,1,2,1
40,0,0,1,1,1,1,2,2,2,2,1,1,1,1,1,0,1,0,1,0,1,1,1,2,2,2,0,1,2,25,1,1,3
41,0,1,0,1,1,1,4,4,4,2,1,2,0,0,0,0,1,0,0,0,1,1,1,4,3,2,1,3,4,8,1,1,1
42,0,1,0,1,0,1,4,4,3,4,0,0,0,1,0,0,1,0,1,1,1,1,0,3,2,2,0,0,4,2,1,1,2
43,0,1,0,1,0,1,2,2,3,3,0,0,0,0,0,1,1,0,0,1,1,1,0,4,3,0,0,0,0,0,1,2,1
44,0,0,1,1,1,1,2,2,2,0,0,0,1,1,1,1,0,0,1,1,1,1,0,3,2,2,1,1,4,14,0,1,0
45,0,0,0,1,1,0,4,3,2,2,0,1,0,1,0,1,1,1,1,1,1,1,1,4,1,1,0,0,4,8,0,1,2
46,0,0,1,1,1,0,3,3,2,3,1,1,0,1,0,0,1,0,0,1,1,1,0,1,2,4,0,3,2,12,1,1,1
47,0,1,1,1,0,1,4,3,1,3,3,1,0,3,0,0,0,0,1,1,1,1,0,3,1,1,0,0,1,4,1,1,1
48,0,1,0,1,0,1,4,2,4,2,1,1,0,1,0,0,1,1,0,1,1,0,0,3,2,2,1,1,4,2,1,1,1
49,0,0,0,1,0,1,4,4,3,4,2,0,0,1,1,1,1,0,1,0,1,1,0,3,3,3,0,0,2,2,0,2,1
50,0,0,1,1,1,1,2,2,3,3,0,1,2,1,0,0,1,1,0,1,1,1,0,3,2,2,1,2,3,2,1,1,1
51,0,0,0,1,1,1,4,2,1,2,2,1,0,1,0,0,1,1,0,1,1,1,0,3,2,2,0,0,4,2,1,1,0
52,0,1,0,1,1,0,4,2,1,1,2,0,1,0,1,0,0,0,0,1,1,0,0,4,4,4,2,3,4,6,1,1,0
53,0,0,0,1,0,1,4,4,3,3,0,1,0,0,0,1,1,1,0,1,1,1,0,2,2,3,1,2,4,0,1,1,2
54,0,0,0,1,1,0,3,3,2,2,2,1,0,0,0,0,0,1,0,1,1,1,0,4,2,3,3,3,0,6,1,1,2
55,0,0,1,1,0,0,2,1,2,2,2,1,0,1,0,0,0,1,1,1,1,1,1,4,2,3,0,0,1,8,1,2,1
56,0,0,0,1,0,0,4,3,3,3,3,1,0,1,0,0,1,1,1,1,1,1,0,3,2,1,0,0,0,0,1,1,2
57,0,1,0,1,0,1,4,4,4,1,3,1,0,1,0,0,1,0,1,1,1,0,0,2,1,1,0,0,4,4,1,1,2
58,0,1,0,1,1,1,1,2,2,0,1,0,0,1,0,1,1,0,1,1,1,1,0,3,2,1,0,0,4,2,0,1,0
59,0,0,1,1,0,1,4,2,3,2,0,1,0,1,0,0,1,0,0,1,1,1,0,3,1,2,0,0,4,2,1,1,2
60,0,0,1,0,0,1,4,4,1,4,2,1,0,1,0,0,1,0,1,1,1,0,0,1,3,3,1,2,3,6,1,1,1
61,0,0,1,1,0,1,1,1,3,3,0,0,3,0,0,1,1,0,1,0,1,1,1,4,4,4,4,4,4,6,1,1,1
62,0,0,1,1,1,1,1,2,2,3,3,0,0,1,0,1,0,0,1,1,1,1,0,3,3,2,0,0,0,4,0,1,2
63,0,0,1,1,0,1,4,3,4,1,1,1,0,2,0,1,1,1,1,1,1,1,0,2,3,3,1,3,3,2,0,1,1
64,0,0,0,1,1,1,4,3,3,3,3,0,0,1,0,1,0,0,1,1,1,1,1,3,3,3,1,3,1,0,1,1,0
65,0,0,1,1,1,1,4,3,4,3,0,1,2,1,0,0,1,0,1,1,1,1,0,4,3,2,0,1,0,2,1,1,1
66,0,1,0,1,0,0,4,4,2,3,3,1,0,3,0,0,1,0,1,0,1,1,1,0,2,2,4,4,2,4,1,1,0
67,0,0,1,1,0,1,3,1,3,2,0,1,0,3,0,1,1,1,0,1,1,1,0,3,2,2,0,1,4,4,0,1,1
68,0,0,0,0,1,1,2,2,1,3,3,1,1,1,0,1,1,1,0,1,1,1,0,3,0,2,0,2,3,2,0,1,2
69,0,0,0,0,1,1,3,1,2,2,3,0,1,3,0,0,1,0,0,0,1,1,0,3,3,1,1,2,2,12,1,1,1
70,0,1,1,1,0,1,3,1,2,2,3,0,1,3,0,0,1,1,0,1,1,1,0,3,2,1,0,0,4,0,1,1,1
71,0,1,0,1,0,1,4,2,2,2,0,1,0,3,0,0,0,0,0,1,1,1,0,2,2,2,0,0,2,0,1,1,2
72,0,0,0,0,0,1,1,1,2,2,3,1,0,1,2,1,1,0,0,0,1,1,1,2,2,3,1,3,4,2,0,1,2
73,0,1,1,1,0,1,3,1,2,2,3,1,0,0,0,0,0,0,1,1,1,0,0,4,2,1,1,1,4,2,1,1,1
74,0,0,1,1,0,1,3,3,2,3,1,1,0,1,0,1,1,1,1,1,1,1,0,3,2,2,1,3,4,31,1,1,2
75,0,1,0,1,0,1,4,3,4,2,1,1,0,1,0,0,1,1,1,1,1,1,0,3,2,2,1,2,4,6,1,1,1
76,0,1,0,1,0,1,4,0,4,2,0,1,1,3,0,0,0,0,1,1,1,1,0,2,3,2,0,0,0,8,1,1,0
77,0,0,1,1,0,1,2,2,2,2,3,1,0,3,0,0,0,1,0,1,1,1,1,4,1,2,0,2,2,0,1,1,1
78,0,1,2,1,0,1,2,1,2,2,1,1,1,0,3,1,1,0,1,1,0,1,0,3,4,0,0,0,2,2,1,1,1
79,0,0,1,1,0,1,3,4,0,2,0,1,0,1,0,0,1,0,0,1,1,1,0,1,3,2,0,1,2,12,0,1,1
80,0,1,0,1,0,1,2,3,2,3,0,0,0,0,0,1,1,1,1,0,1,1,1,2,1,1,0,2,2,2,1,1,3
81,0,1,0,1,0,1,2,3,2,2,1,1,0,2,0,1,0,1,0,0,1,1,0,4,2,1,0,1,4,4,1,1,1
82,0,0,0,1,1,1,3,2,3,2,3,1,0,1,0,0,1,1,0,1,1,1,0,3,3,3,0,0,4,10,0,2,1
83,0,1,0,1,1,1,2,2,3,3,1,1,1,1,0,0,0,1,1,1,1,1,0,4,2,2,0,2,3,4,1,1,1
84,0,0,0,1,0,1,1,1,2,2,1,0,0,1,0,0,1,0,1,0,1,1,0,3,2,1,1,2,3,2,1,1,0
85,0,0,0,1,0,1,4,4,3,3,3,0,1,1,2,0,0,1,0,1,1,1,1,3,3,3,1,2,4,6,0,1,3
86,0,0,1,1,1,1,2,2,0,2,0,1,0,1,0,0,1,0,0,1,1,0,0,3,2,3,0,1,1,4,0,2,2
87,0,0,0,1,0,1,4,2,2,2,3,1,0,2,0,0,1,0,1,1,1,1,0,4,2,2,0,2,0,4,1,1,2
88,0,1,1,1,0,1,2,2,3,2,3,0,1,1,1,0,0,1,1,0,1,1,0,3,3,1,0,0,2,12,1,1,2
89,0,1,1,1,1,0,4,4,4,1,3,1,0,1,0,0,1,0,0,1,1,0,0,3,0,2,2,4,4,18,0,1,2
90,0,0,1,1,0,1,3,3,2,2,1,1,0,2,0,0,1,1,0,1,1,1,1,3,2,2,0,2,3,0,0,1,0
91,0,0,0,1,0,1,4,3,3,2,3,1,0,0,0,0,0,1,1,1,1,1,0,3,4,4,0,2,0,4,1,1,1
92,0,0,1,1,1,1,3,1,2,2,1,0,0,1,0,1,1,0,0,1,1,0,0,2,2,2,1,2,1,4,0,1,3
93,0,0,1,1,0,1,4,2,4,3,1,1,1,1,0,0,1,1,1,1,1,1,0,4,2,2,0,0,0,0,1,1,3
94,0,1,0,1,1,1,2,2,3,1,3,1,0,3,0,0,1,0,1,1,1,1,0,3,2,3,0,0,3,6,1,2,1
95,0,0,0,0,0,1,1,1,0,2,1,1,1,3,1,1,1,1,1,1,1,1,0,2,0,1,0,0,0,2,1,1,1
96,0,1,1,0,0,1,4,3,3,2,3,1,1,0,0,1,1,0,1,0,1,1,0,2,2,2,0,0,3,2,1,1,1
97,0,0,1,1,0,1,2,1,2,2,0,1,0,1,0,0,1,1,0,1,1,0,1,3,2,4,0,0,4,2,1,2,2
98,0,0,1,1,0,1,4,4,2,2,3,1,0,0,0,0,0,0,1,0,1,1,0,4,2,3,0,1,0,6,1,2,3
99,0,0,1,1,0,1,4,3,2,0,0,1,0,2,0,1,1,1,0,1,1,1,0,4,2,4,0,0,2,0,0,2,
100,0,1,1,1,0,1,4,4,3,3,2,1,0,0,0,1,1,1,1,1,1,1,0,3,4,4,4,4,3,14,0,1,
101,0,1,1,1,0,1,4,4,3,4,2,0,0,2,0,0,1,0,1,1,1,1,1,3,3,2,0,0,3,0,1,1,
102,0,1,0,1,0,1,4,4,3,2,0,1,0,0,0,0,1,0,1,0,1,1,0,4,2,2,0,0,4,4,1,1,
103,0,0,0,1,0,1,3,2,3,2,1,1,1,1,0,1,1,1,0,1,1,1,0,3,2,4,0,0,1,26,0,2,
104,0,1,0,1,0,0,3,4,3,2,0,1,0,1,0,0,1,1,1,1,1,1,0,4,3,3,0,0,0,0,1,2,
105,0,0,0,1,0,0,3,3,2,1,3,0,0,3,0,1,0,0,0,1,1,0,0,3,2,2,0,0,3,10,1,1,
106,0,0,0,1,0,1,2,2,2,2,0,1,0,3,0,1,1,1,0,1,1,1,0,4,0,1,0,0,2,8,0,1,
107,0,1,1,1,0,1,3,3,3,2,1,0,0,2,0,0,1,0,1,1,1,1,0,4,2,2,0,0,4,2,1,1,
108,0,1,0,0,0,1,4,4,2,2,1,0,3,3,0,0,1,1,1,1,1,1,1,0,2,4,2,4,0,6,1,1,
109,0,0,1,1,1,1,4,4,1,1,2,1,0,2,0,0,1,1,1,1,1,1,1,4,3,4,0,0,3,4,1,2,
110,0,1,0,1,1,0,4,4,4,4,0,1,0,0,0,0,0,0,1,1,1,1,0,4,4,2,0,0,3,6,1,1,
111,0,0,1,0,0,1,3,3,3,2,3,0,0,2,1,1,1,0,1,1,1,1,0,3,0,1,0,0,1,0,1,1,
112,0,0,1,1,0,1,2,2,0,2,1,1,0,1,1,1,0,0,1,1,1,1,0,2,0,1,0,0,4,6,1,1,
113,0,1,0,1,1,1,4,2,4,2,0,1,0,0,0,0,0,0,0,1,1,1,0,2,4,1,0,0,2,10,1,1,
114,0,1,0,0,0,1,2,1,1,3,3,1,0,1,0,0,0,0,1,1,1,1,1,4,3,1,0,0,4,8,0,1,
115,0,1,1,1,0,1,4,4,4,4,0,0,0,1,0,0,1,0,1,1,1,1,0,4,3,3,0,1,4,2,1,2,
116,0,1,0,1,0,1,4,4,2,4,3,0,1,1,0,0,1,0,1,1,1,0,0,3,3,2,0,0,1,2,1,1,
117,0,1,1,1,0,1,3,3,2,3,1,0,1,0,0,0,0,0,1,1,1,1,0,4,3,1,0,0,4,0,1,1,
118,0,1,2,0,0,1,1,3,2,2,0,0,2,1,1,0,1,0,1,1,1,1,0,4,1,3,0,3,4,20,0,0,
119,0,1,0,1,0,1,3,4,2,2,3,0,0,0,0,0,0,0,0,1,1,1,0,2,3,2,0,1,3,6,1,1,
120,0,0,0,1,0,1,1,2,0,3,0,1,0,1,0,0,0,0,0,0,1,1,0,2,1,2,0,1,0,2,1,1,
121,0,1,0,1,0,1,2,2,3,3,1,0,0,3,0,0,1,1,1,1,1,1,0,4,4,3,0,1,4,6,1,2,
122,0,0,1,1,1,1,2,4,2,1,0,0,1,1,0,0,1,1,1,1,1,1,1,3,1,1,0,1,4,2,1,1,
123,0,1,1,1,0,1,4,4,1,2,0,1,0,0,0,0,1,0,1,1,1,1,0,2,3,3,0,3,4,18,1,1,
124,0,0,1,1,0,1,2,2,2,2,1,1,0,1,0,0,0,1,0,1,1,1,1,4,3,3,0,0,4,0,0,2,
125,0,1,0,1,0,1,3,4,3,3,1,0,0,0,0,1,0,0,0,1,1,1,0,4,4,4,2,1,4,0,1,2,
126,0,0,0,1,1,0,3,4,2,2,1,1,0,1,0,1,0,0,1,1,1,1,1,4,2,1,0,0,0,0,1,1,
127,0,0,4,1,0,1,0,1,0,2,0,2,0,1,3,0,1,0,0,0,0,0,0,2,3,1,0,0,4,2,0,3,
128,0,1,3,0,0,1,2,2,3,2,3,1,0,0,2,0,1,0,1,1,1,1,0,2,2,2,0,1,3,0,0,2,
129,0,1,1,0,0,1,4,4,4,4,0,1,0,0,0,0,0,1,1,1,1,1,0,2,4,4,1,4,3,8,1,1,
130,0,0,0,0,0,1,3,4,3,4,0,0,1,2,2,0,1,0,0,1,1,1,1,3,1,1,1,1,4,0,0,1,
131,0,0,0,1,0,1,1,1,0,2,0,1,2,0,0,0,1,0,1,0,1,1,1,3,2,2,0,1,3,0,0,1,
132,0,0,2,1,1,1,2,2,2,2,0,0,0,0,0,0,1,0,0,1,1,1,1,2,3,3,0,2,4,12,1,0,
133,0,0,1,1,0,0,3,4,3,2,0,0,0,0,0,0,0,0,0,1,1,1,0,2,1,0,0,3,4,16,1,2,
134,0,1,0,0,0,1,3,4,0,4,0,1,3,1,0,0,1,0,0,1,1,0,1,4,2,2,0,0,4,0,0,1,
135,0,0,0,1,0,1,4,4,3,0,0,1,0,2,0,0,1,0,1,1,1,1,1,3,2,2,0,0,4,0,0,1,
136,0,1,2,0,0,1,3,4,0,2,0,1,2,1,0,0,0,0,0,1,1,0,0,4,3,4,1,3,4,0,0,0,
137,0,0,1,1,0,0,3,3,2,2,0,2,1,0,2,0,1,0,1,0,1,1,1,3,2,1,0,0,4,0,0,1,
138,0,1,1,1,1,1,1,1,3,2,0,1,0,1,1,0,0,0,0,1,1,0,1,3,3,3,0,2,4,0,1,1,
139,0,0,0,1,0,1,4,4,4,4,0,1,1,0,0,0,0,0,1,1,1,1,0,3,2,1,0,0,4,0,1,1,
140,0,1,0,1,0,1,4,3,4,3,0,0,1,3,0,1,1,0,0,1,1,1,0,1,1,1,0,0,2,0,0,1,
141,0,1,1,1,1,1,2,2,3,3,3,0,1,0,2,0,1,0,1,1,1,1,0,1,2,2,1,1,1,8,0,1,
142,0,0,0,1,0,1,4,4,4,3,0,1,0,2,0,0,1,1,1,1,1,1,0,3,1,1,0,0,4,2,1,1,
143,0,0,1,1,1,1,1,1,0,0,0,1,0,0,0,0,0,0,0,1,1,1,0,2,3,3,2,2,0,2,1,1,
144,0,1,2,1,0,1,2,1,2,2,1,1,0,0,3,0,1,0,0,1,1,1,0,4,3,4,0,1,4,0,0,0,
145,0,0,0,1,0,1,1,1,2,3,0,0,0,1,0,0,1,1,0,1,1,1,0,3,3,1,0,1,4,0,1,1,
146,0,0,0,1,0,1,3,2,1,3,1,0,0,1,3,0,1,0,0,1,1,1,0,2,2,1,0,0,2,0,0,1,
147,0,0,0,1,0,1,1,2,0,2,0,1,0,1,0,0,1,1,0,0,1,1,0,3,2,1,0,0,4,2,1,1,
148,0,1,1,1,0,1,4,4,4,4,0,1,0,0,0,0,1,0,0,1,0,1,1,2,2,1,1,0,4,0,0,1,
149,0,1,0,1,1,0,2,1,3,2,0,1,3,0,3,0,0,0,0,1,1,1,0,3,4,4,1,4,4,0,1,1,
150,0,1,3,1,1,1,1,1,2,2,0,1,0,0,3,0,0,0,0,1,0,1,1,1,2,4,1,4,3,0,0,0,
151,0,1,1,1,1,1,2,1,0,2,0,1,0,0,1,0,0,0,1,1,1,0,1,3,3,3,2,4,4,6,1,1,
152,0,0,0,0,0,1,3,3,3,3,3,2,1,2,2,0,1,1,1,1,1,1,1,3,1,0,1,2,2,8,1,1,
153,0,1,4,1,0,1,3,2,3,0,1,1,0,0,3,0,1,0,0,1,0,1,1,3,4,3,0,0,3,0,0,0,
154,0,0,2,1,0,1,4,4,2,4,0,1,0,0,0,1,1,0,0,1,1,0,1,3,1,0,0,0,3,0,1,2,
155,0,1,0,0,0,1,2,3,0,3,0,1,0,1,0,1,0,1,1,1,1,0,0,3,3,3,0,0,0,2,0,2,
156,0,1,2,0,1,1,1,2,2,2,3,1,0,0,0,0,0,0,0,1,1,0,0,1,1,1,2,2,4,8,1,1,
157,0,0,3,0,0,1,1,1,0,2,0,1,2,0,3,0,1,0,1,0,1,0,0,4,1,4,0,4,3,6,1,1,
158,0,1,1,0,0,1,2,2,0,2,0,1,2,0,0,0,0,0,0,0,1,0,0,3,1,1,0,1,2,2,1,1,
159,0,1,1,1,0,1,3,3,2,3,0,0,0,1,1,0,1,1,0,1,1,1,1,3,4,4,3,3,4,4,1,1,
160,0,1,2,0,1,1,2,1,0,2,0,1,1,0,2,0,0,0,1,1,0,1,1,2,2,1,1,1,4,0,0,1,
161,0,1,0,0,0,1,3,2,2,2,0,1,1,1,2,1,1,0,0,1,1,1,1,3,3,3,0,3,2,6,0,1,
162,0,1,1,1,1,1,1,2,2,2,0,1,1,0,1,0,0,0,1,1,1,0,0,3,3,3,1,3,4,0,0,1,
163,0,1,2,1,0,1,1,3,0,3,0,0,0,0,0,0,0,0,0,1,0,1,0,4,2,2,0,3,1,2,1,2,
164,0,1,2,0,1,1,1,1,2,3,0,1,3,1,3,0,0,0,1,1,0,0,1,4,2,4,0,4,4,0,0,0,
165,0,1,1,1,0,1,3,2,3,3,0,1,1,0,1,0,1,0,1,0,0,0,0,3,4,1,0,0,1,16,1,1,
166,0,1,1,1,0,1,2,2,2,2,0,0,0,1,0,0,0,0,0,1,0,1,0,3,2,4,1,3,3,4,1,1,
167,0,0,1,1,0,1,4,2,1,3,1,0,0,1,0,0,0,1,0,1,1,1,1,3,1,2,0,0,2,0,1,1,
168,0,0,1,1,0,1,2,2,2,2,1,1,0,1,0,0,1,1,0,0,1,1,0,4,0,4,0,0,3,0,0,2,
169,0,0,1,1,0,1,4,4,1,1,3,1,0,1,0,0,1,1,0,1,1,1,1,3,3,1,0,0,2,0,1,1,
170,0,1,1,1,0,1,3,4,2,2,0,0,2,0,2,0,1,0,1,0,1,1,0,2,3,4,1,3,1,0,0,1,
171,0,1,1,1,0,1,1,0,2,2,3,1,1,1,0,0,1,1,1,1,1,1,1,3,2,1,0,0,2,2,1,1,
172,0,1,2,1,1,1,4,4,4,2,3,1,0,1,0,0,1,1,1,1,1,1,0,3,3,3,0,2,4,0,1,0,
173,0,0,1,1,0,1,1,3,0,3,1,1,0,1,3,0,0,0,1,0,1,1,1,3,2,4,0,0,2,0,0,2,
174,0,0,1,1,1,1,3,3,2,2,3,1,1,1,0,0,1,1,1,1,1,1,0,3,3,4,0,0,3,4,0,2,
175,0,1,2,1,1,1,4,3,4,2,0,1,1,1,0,0,0,1,1,1,1,1,0,3,3,3,3,3,3,4,0,0,
176,0,0,1,1,0,1,2,2,3,2,3,1,1,1,0,0,0,1,1,0,1,1,0,2,3,3,0,3,4,2,1,1,
177,0,1,2,1,0,1,3,3,2,2,3,0,0,1,0,0,0,0,1,0,1,1,0,3,2,3,0,3,3,4,0,0,
178,0,1,1,0,0,1,4,2,4,3,2,1,0,0,0,0,1,0,1,1,1,1,1,3,2,2,2,3,2,10,0,1,
179,0,1,2,1,0,1,4,3,2,2,0,1,0,1,0,0,1,0,1,1,1,1,1,4,1,2,0,0,1,4,1,2,
180,0,1,1,1,0,1,4,3,4,2,1,1,0,1,0,0,1,1,1,1,1,1,0,2,3,2,1,2,2,10,0,1,
181,0,1,1,1,0,1,3,3,3,2,1,1,0,1,0,0,0,1,1,1,1,1,1,3,1,2,0,1,2,2,1,1,
182,0,0,2,1,0,1,2,4,3,3,3,0,0,1,0,0,1,0,1,1,1,0,0,4,3,1,1,2,4,0,1,1,
183,0,0,2,1,1,1,3,3,2,2,3,1,0,1,0,0,1,0,1,1,1,1,1,4,2,2,1,2,0,32,0,3,
184,0,0,1,1,0,1,3,2,2,2,3,1,0,1,0,0,1,1,0,1,1,1,0,0,1,1,0,1,0,14,1,1,
185,0,1,2,1,0,1,3,3,3,3,2,1,0,1,0,0,1,0,1,1,1,1,1,3,2,3,1,2,3,12,1,0,
186,0,1,1,1,0,1,1,2,3,3,2,1,0,0,0,0,1,1,1,1,1,1,1,2,2,2,0,1,2,2,1,1,
187,0,1,1,1,1,1,2,1,2,2,0,1,0,1,0,0,0,1,1,1,1,1,1,3,1,2,0,1,4,0,1,1,
188,0,0,2,1,0,0,3,3,1,2,3,1,0,1,0,0,1,0,0,0,1,1,1,2,2,2,0,2,2,6,0,3,
189,0,1,2,0,0,1,1,2,0,2,1,1,0,1,0,0,0,0,0,1,1,0,0,2,0,2,0,4,2,4,1,2,
190,0,0,1,1,0,1,2,3,3,3,0,1,0,1,0,0,0,0,0,1,1,1,0,3,2,2,0,0,1,10,1,1,
191,0,0,2,1,0,1,1,1,0,3,0,1,0,1,0,0,0,0,1,1,1,1,0,4,2,2,0,0,2,0,0,2,
192,0,1,2,1,0,1,1,2,0,3,2,2,1,1,0,0,0,1,1,0,1,1,0,3,3,3,3,4,4,12,0,0,
193,0,1,1,0,0,1,3,3,3,3,3,1,0,0,0,0,1,0,1,1,1,1,0,3,2,1,2,3,4,8,1,1,
194,0,1,1,1,0,1,2,3,2,2,1,0,1,0,0,0,0,0,0,1,1,1,0,4,2,2,0,0,2,0,1,1,
195,0,0,2,1,1,1,2,4,3,3,0,0,0,1,0,0,0,0,1,1,1,1,1,3,2,1,0,0,4,0,1,1,
196,0,1,2,1,0,1,4,4,3,4,1,1,0,0,0,0,0,0,0,1,1,1,0,4,1,2,0,1,4,4,1,2,
197,0,1,1,0,1,1,3,3,4,2,1,0,2,0,0,0,1,1,1,1,1,1,0,2,2,3,2,4,2,8,1,1,
198,0,0,2,1,0,1,4,4,3,4,1,1,1,0,1,0,1,0,0,1,1,1,0,3,1,3,1,2,1,24,1,1,
199,0,0,1,1,1,1,4,4,4,4,3,1,0,1,0,0,1,1,0,1,1,1,0,3,4,1,0,1,2,0,1,1,
200,0,0,1,1,0,1,4,3,1,2,1,1,0,1,0,0,1,0,1,1,1,1,0,3,2,4,0,4,1,2,1,1,
201,0,0,1,1,0,1,2,3,2,2,3,1,0,1,0,1,1,1,1,1,1,0,0,3,3,2,0,2,3,6,1,1,
202,0,0,2,1,0,1,1,1,2,2,0,1,0,1,0,0,1,1,0,0,1,0,0,3,3,3,0,2,0,4,1,0,
203,0,0,2,0,0,1,2,2,2,2,3,1,0,0,0,0,1,0,0,1,1,1,0,4,2,1,0,1,2,18,0,1,
204,0,0,1,0,0,1,2,2,3,3,3,1,1,3,0,0,1,1,1,0,1,1,0,4,2,4,0,0,4,6,1,2,
205,0,0,2,1,0,1,3,4,0,3,1,1,0,2,1,0,1,1,0,1,1,1,1,3,3,2,2,3,4,27,0,2,
206,0,0,1,1,0,0,3,1,3,2,0,1,0,1,3,0,1,1,0,1,1,1,0,1,2,2,1,1,3,5,0,1,
207,0,0,1,1,0,1,4,3,4,2,2,1,0,1,0,0,0,1,1,1,1,1,1,0,2,1,0,0,0,10,1,1,
208,0,0,1,1,0,1,1,1,0,2,1,1,1,0,0,0,1,1,0,1,1,0,0,3,2,1,0,3,4,6,1,1,
209,0,0,2,0,0,1,4,3,4,2,3,1,1,2,0,0,1,1,1,1,1,1,1,3,3,1,0,0,3,6,0,1,
210,0,0,4,1,0,1,3,3,2,2,3,2,0,3,0,0,1,1,1,1,1,1,0,3,2,2,0,1,2,10,0,1,
211,0,1,2,1,1,1,4,4,3,2,1,1,0,1,0,0,1,1,0,1,1,1,1,4,2,4,3,4,2,13,1,0,
212,0,0,1,1,0,0,2,2,2,2,3,1,0,1,0,1,1,1,0,1,1,1,0,2,2,3,0,0,3,0,1,2,
213,0,1,3,1,0,1,2,2,3,2,1,1,0,1,1,0,1,1,1,1,1,1,0,3,3,3,1,3,4,15,0,0,
214,0,0,2,0,1,1,4,4,3,2,2,1,0,0,0,0,1,1,0,1,1,0,0,4,1,0,0,1,2,12,1,2,
215,0,0,2,1,1,1,3,2,2,2,3,1,1,1,0,0,0,1,0,1,1,1,0,3,3,3,0,2,0,2,1,0,
216,0,0,2,1,0,1,4,3,2,2,3,1,0,1,2,0,0,1,0,1,1,1,1,2,3,4,1,3,0,22,0,0,
217,0,1,3,1,1,1,3,3,3,1,1,0,0,1,1,0,1,1,0,1,1,1,0,2,1,3,1,3,3,13,0,0,
218,0,0,2,1,0,1,2,3,0,2,1,0,1,0,0,0,1,1,0,1,1,0,0,2,2,2,0,3,2,3,0,2,
219,0,0,2,1,0,1,2,2,0,0,0,1,0,2,0,0,1,1,1,1,1,1,0,3,2,2,0,0,3,4,1,2,
220,0,0,2,0,0,1,2,1,0,3,3,1,1,1,0,0,1,0,1,1,1,1,0,3,1,4,0,1,4,2,0,0,
221,0,0,2,1,0,1,1,1,0,2,3,1,0,2,1,0,1,0,1,1,1,0,1,3,2,3,0,0,4,0,0,0,
222,0,0,1,1,0,1,2,3,3,4,2,1,0,1,0,1,0,0,0,1,1,1,0,1,2,0,0,0,2,2,1,2,
223,0,1,3,1,0,1,2,2,2,2,1,1,1,1,0,0,1,1,0,1,1,1,0,2,2,2,4,4,3,0,1,2,
224,0,0,1,1,0,1,4,4,4,3,1,1,0,2,0,0,1,0,1,0,1,1,0,4,2,1,0,0,4,0,1,1,
225,0,0,3,0,0,1,3,1,2,2,3,1,0,1,1,0,0,0,1,1,1,1,1,4,2,2,0,0,3,16,0,2,
226,0,0,2,1,0,1,3,2,2,2,0,1,0,1,0,0,0,0,1,0,1,1,0,4,2,3,0,2,2,10,1,0,
227,0,1,2,1,1,1,2,3,3,3,3,0,0,1,0,0,1,1,0,0,1,1,0,4,2,2,0,2,2,2,1,3,
228,0,1,3,1,1,1,2,1,0,2,0,1,3,1,0,1,1,1,1,1,1,1,1,3,2,1,3,4,2,14,0,1,
229,0,0,2,1,0,0,2,1,2,2,0,1,1,2,0,0,0,0,1,1,1,1,1,2,1,2,0,1,2,10,1,2,
230,0,0,2,1,1,1,4,3,1,2,3,0,0,1,0,0,0,0,1,1,1,1,1,2,1,2,0,1,2,14,1,2,
231,0,1,2,0,0,1,2,2,2,2,0,0,1,1,0,0,1,1,1,1,1,1,0,3,4,1,0,0,0,4,1,1,
232,0,1,2,1,0,1,4,4,4,4,3,1,0,1,0,1,1,0,1,1,1,1,1,3,4,4,0,2,1,14,0,0,
233,0,1,1,1,0,1,4,4,1,2,3,0,0,1,0,0,1,1,1,1,1,1,0,3,1,3,1,3,0,2,1,1,
234,0,1,1,1,1,1,1,1,2,2,1,1,1,1,0,0,1,1,0,1,1,1,0,2,3,1,0,0,4,18,0,1,
235,0,1,1,1,0,1,3,2,0,2,3,1,1,2,0,0,0,0,1,1,1,1,1,4,2,2,0,2,1,10,1,1,
236,0,1,2,1,1,1,2,2,2,2,1,0,0,1,0,0,0,1,1,0,1,1,1,3,3,1,4,4,3,4,1,1,
237,0,0,1,1,0,1,2,1,2,2,1,1,0,0,0,0,0,0,0,1,1,1,1,3,4,1,0,0,4,20,1,1,
238,0,0,2,0,0,1,2,1,0,3,0,1,2,1,0,0,0,0,1,1,1,0,0,1,0,0,0,0,2,2,1,2,
239,0,1,3,1,0,1,2,2,2,3,3,0,0,1,1,0,0,0,0,1,0,1,0,4,4,3,2,4,1,0,0,0,
240,0,1,2,1,1,1,4,3,1,2,0,1,1,1,0,0,0,0,1,1,1,1,1,1,4,4,0,3,4,14,1,0,
241,0,1,2,0,1,0,4,4,4,2,0,1,1,1,0,0,1,1,0,1,1,1,0,2,2,2,1,2,3,2,1,3,
242,0,1,1,1,1,1,4,3,4,2,0,1,0,0,0,0,0,0,1,0,1,1,0,4,3,4,0,0,2,0,0,2,
243,0,1,1,1,0,1,4,4,3,3,0,1,0,0,0,0,0,0,1,1,1,1,0,4,2,1,0,1,4,0,1,1,
244,0,0,3,1,0,1,2,1,2,2,0,2,1,2,0,0,1,1,0,0,1,1,1,3,3,3,0,0,2,0,0,0,
245,0,1,1,1,0,1,2,1,2,2,0,1,2,0,0,0,0,0,0,1,1,1,0,3,2,2,0,0,3,6,1,1,
246,0,1,2,1,0,1,2,3,2,2,0,0,1,0,0,0,0,0,0,1,1,1,0,4,1,1,0,0,1,4,1,1,
247,0,1,7,1,0,1,3,1,3,3,2,1,0,0,3,0,0,0,0,0,0,1,1,4,3,4,4,4,0,16,0,0,
248,0,1,3,0,1,1,3,3,2,3,0,1,0,1,1,0,1,0,0,1,1,1,1,3,2,2,0,2,4,8,0,3,
249,0,1,1,1,0,1,0,2,2,2,2,1,0,0,0,0,0,1,0,0,1,1,0,3,2,1,1,3,4,0,1,1,
250,0,1,3,1,0,1,3,2,3,2,0,1,1,0,1,0,0,0,0,1,0,1,0,3,3,4,1,3,4,0,0,0,
251,0,1,1,1,0,1,3,3,0,2,3,2,2,1,0,1,1,0,0,0,1,1,0,4,2,2,0,2,1,6,1,1,
252,0,1,3,1,0,1,2,1,3,3,2,1,0,0,1,0,0,0,0,0,0,1,0,2,1,4,1,4,4,4,0,0,
253,0,1,1,0,0,1,2,1,2,2,0,1,1,0,0,0,0,0,1,0,1,0,0,2,2,1,0,2,2,0,0,1,
254,0,1,2,0,0,1,2,1,2,2,0,1,0,0,0,0,0,0,0,0,1,1,0,3,3,1,1,3,4,0,1,1,
255,0,1,2,1,1,1,1,1,1,2,0,1,1,0,1,0,1,0,1,1,1,1,0,3,3,3,0,1,4,2,0,0,
256,0,0,2,1,1,1,4,2,4,3,3,1,0,3,0,0,1,1,1,1,1,1,0,3,1,2,0,0,3,6,1,2,
257,0,1,4,1,1,0,4,3,3,0,3,1,0,1,0,0,1,0,0,1,1,1,0,3,2,0,0,0,0,12,1,2,
258,0,1,3,1,0,1,2,1,2,2,1,1,0,1,0,0,0,0,1,1,1,1,0,4,1,3,0,1,3,8,1,0,
259,0,0,2,1,1,1,2,2,3,3,0,0,0,3,0,0,0,1,1,1,1,1,1,2,3,0,0,0,1,0,0,2,
260,0,0,3,1,0,1,4,3,3,2,1,0,0,1,0,0,1,1,0,1,1,1,1,2,0,1,0,2,1,21,1,1,
261,0,1,3,1,0,1,4,3,4,2,0,1,0,1,0,0,1,1,0,0,1,1,0,3,2,1,0,0,2,2,0,1,
262,0,1,3,0,0,1,3,2,2,2,0,1,0,2,0,0,0,0,1,0,1,0,0,4,2,1,0,0,2,1,1,1,
263,0,0,2,1,0,1,3,3,2,2,1,1,0,2,0,0,0,0,1,0,1,0,0,2,1,2,0,0,3,4,0,2,
264,0,0,3,1,0,1,2,2,0,3,1,1,0,2,0,0,1,1,1,1,1,1,1,3,2,2,0,0,2,0,0,2,
265,0,1,3,0,1,0,3,4,2,2,3,1,1,1,0,0,1,1,1,1,1,1,0,3,1,4,2,3,0,13,1,0,
266,0,1,2,1,0,1,3,1,3,2,2,1,0,1,0,0,0,1,1,1,1,1,1,4,3,3,2,3,4,2,1,0,
267,0,0,3,0,0,1,4,4,4,2,3,1,1,1,0,0,0,1,1,1,1,1,0,3,2,3,1,1,3,8,1,0,
268,0,1,3,1,0,1,4,2,1,2,3,0,0,1,0,0,1,1,1,1,1,1,1,4,3,4,0,2,4,10,1,0,
269,0,0,3,0,0,1,2,1,2,2,3,1,1,1,0,0,1,0,0,1,0,1,1,3,2,4,0,1,2,0,0,0,
270,0,0,4,1,0,1,3,3,2,3,1,2,0,1,2,0,1,1,1,1,1,1,0,3,2,4,2,2,4,15,0,0,
271,0,0,3,1,0,1,2,3,2,3,3,0,0,3,0,0,1,1,1,1,1,1,1,3,4,4,0,2,1,4,1,0,
272,0,0,3,1,1,1,1,1,2,2,1,1,1,1,0,0,1,1,0,0,1,0,0,3,3,2,0,0,2,2,1,2,
273,0,1,2,0,0,1,1,2,0,0,1,1,0,1,0,0,1,1,1,0,1,0,1,2,4,1,1,1,0,2,1,1,
274,0,0,2,1,0,1,2,4,0,1,3,1,1,1,0,0,1,1,0,1,1,1,1,3,2,2,0,0,0,2,1,2,
275,0,0,2,1,1,1,2,2,3,2,0,1,1,1,0,1,1,1,0,1,1,1,1,3,3,3,1,2,4,6,1,0,
276,0,0,3,0,0,0,3,2,2,3,1,1,1,1,0,0,0,0,0,0,0,1,1,3,0,0,0,0,4,33,0,2,
277,0,1,3,1,0,1,4,4,4,3,1,1,1,0,0,0,0,1,1,1,1,1,0,2,1,3,0,3,2,22,0,0,
278,0,0,3,1,0,1,4,4,1,1,3,0,0,1,1,1,1,0,1,1,1,1,1,1,3,3,0,0,3,15,0,0,
279,0,1,3,1,1,1,4,3,4,3,0,1,1,0,0,0,0,1,1,1,1,1,0,3,1,2,0,1,0,8,1,2,
280,0,1,2,1,1,0,4,1,3,2,1,1,1,0,0,0,0,1,1,1,1,1,1,3,4,3,1,3,4,28,0,0,
281,0,1,2,1,1,0,3,2,4,3,1,1,0,0,1,0,0,0,0,1,1,1,0,3,3,3,2,3,2,19,1,1,
282,0,0,3,0,1,1,1,1,0,2,3,1,1,3,0,0,1,1,1,1,1,0,0,4,1,1,0,0,2,1,1,1,
283,0,0,3,1,0,1,1,1,2,2,1,1,1,1,0,1,0,0,1,1,1,1,0,4,3,3,0,0,3,4,1,0,
284,0,0,2,1,0,1,2,2,2,2,0,1,0,1,0,0,1,0,0,0,1,1,0,4,3,4,0,1,4,4,1,0,
285,0,1,2,1,0,1,1,1,2,2,3,0,0,1,0,0,0,1,0,0,1,1,0,3,2,2,0,1,3,2,1,2,
286,0,0,3,1,0,1,2,2,0,0,2,1,0,2,0,0,1,1,0,1,1,1,0,3,2,2,0,1,1,5,1,2,
287,0,0,2,1,0,1,1,1,3,4,3,1,0,2,0,0,1,1,0,1,1,1,0,3,2,2,0,0,2,6,1,2,
288,0,1,3,1,0,1,2,1,3,3,3,1,0,2,0,0,0,1,1,1,1,1,0,3,1,3,0,2,1,6,1,0,
289,0,1,3,1,1,0,4,4,4,4,3,1,0,1,0,0,1,1,1,1,1,1,0,4,3,2,0,0,1,9,1,2,
290,0,1,3,1,0,1,4,2,4,2,1,1,0,1,0,0,1,1,1,1,1,1,1,3,2,1,0,3,4,11,1,1,
291,0,0,2,1,0,1,4,3,1,3,3,1,0,2,0,0,1,1,0,1,1,1,0,3,1,1,0,1,2,0,1,1,
292,0,0,3,1,1,1,2,1,3,0,3,1,0,1,1,0,0,0,0,1,1,1,1,4,3,2,0,0,4,12,1,1,
293,0,0,2,0,1,1,3,1,3,2,3,1,1,3,0,0,1,1,0,1,1,0,0,2,0,1,0,0,2,6,1,1,
294,0,1,3,0,1,1,3,2,3,2,3,1,1,2,0,0,1,1,1,1,1,1,0,4,3,1,0,0,3,8,1,1,
295,0,1,2,1,0,1,3,3,1,2,1,1,0,0,0,0,1,1,0,1,1,1,0,3,3,2,0,2,4,4,1,3,
296,0,0,4,1,0,1,4,4,1,2,3,2,1,1,0,0,1,1,1,1,1,1,0,1,2,3,1,2,1,0,0,0,
297,0,0,3,1,1,1,4,3,2,2,1,2,1,1,0,0,1,1,0,1,1,1,1,3,3,4,0,1,1,10,0,0,
298,0,0,3,1,0,1,4,3,2,2,3,0,0,3,0,0,1,1,0,1,1,1,0,3,2,2,0,0,2,0,1,2,
299,0,1,3,1,1,1,4,4,4,4,1,1,0,0,0,0,1,1,0,1,1,1,1,0,3,1,1,1,0,5,1,1,
300,0,0,3,1,1,0,4,4,1,2,1,1,0,1,0,0,1,0,0,1,1,1,1,3,1,3,0,0,3,14,1,0,
301,0,1,2,1,1,1,4,4,2,4,1,0,1,0,0,0,0,1,0,1,1,1,0,3,0,0,1,1,4,0,1,2,
302,0,0,2,1,0,1,4,2,2,2,3,1,1,2,0,0,1,1,0,1,1,1,0,3,2,2,0,0,2,0,1,2,
303,0,0,2,1,0,1,3,2,1,1,3,0,0,3,0,0,1,1,1,0,1,1,0,4,1,1,0,1,4,0,1,1,
304,0,1,4,1,0,1,3,3,2,2,1,2,0,1,1,0,1,0,1,1,1,1,1,3,3,3,0,0,2,20,1,1,
305,0,0,3,1,0,1,2,4,3,0,3,2,0,1,1,0,1,1,1,1,1,1,0,3,3,2,0,0,2,8,1,1,
306,0,1,5,1,0,0,3,2,3,2,0,2,0,0,0,0,0,0,1,1,1,0,0,4,4,2,0,0,4,0,1,1,
307,0,1,4,1,0,1,4,4,4,3,3,2,1,0,1,0,1,1,0,1,1,1,1,3,2,3,0,0,3,29,0,0,
308,0,1,4,0,0,1,3,3,2,3,3,0,0,1,1,0,0,0,1,1,1,0,1,3,4,2,0,1,4,0,1,1,
309,0,0,4,1,1,1,1,1,0,2,3,2,0,1,1,1,1,0,1,0,1,1,0,3,3,2,0,2,2,18,1,1,
310,0,0,4,1,1,1,1,2,3,3,1,2,0,1,1,0,0,0,1,0,1,0,1,3,1,3,1,1,2,0,0,0,
311,0,0,4,1,0,1,2,1,0,2,2,2,2,1,0,0,1,0,0,1,0,1,1,2,3,0,0,0,1,20,1,2,
312,0,1,4,1,0,1,1,2,2,3,0,2,0,1,1,0,0,0,0,0,1,1,0,3,4,1,1,1,3,3,1,1,
313,0,0,4,1,1,1,3,2,3,2,3,2,1,1,1,0,1,1,0,0,1,1,1,3,1,1,0,1,0,22,1,1,
314,0,0,4,1,0,1,1,1,0,1,1,2,0,2,2,0,0,0,0,0,1,1,1,3,0,1,0,0,2,14,1,1,
315,0,0,4,0,0,1,2,3,2,2,3,2,0,2,1,0,0,0,0,1,1,1,1,3,0,1,0,0,2,30,1,1,
316,0,0,3,1,0,1,2,1,3,2,0,1,1,1,0,0,1,1,1,1,1,1,0,4,2,2,0,1,0,0,0,2,
317,0,0,3,1,0,1,4,3,2,2,0,1,0,2,0,0,1,1,1,1,1,1,1,3,2,3,0,0,4,9,0,0,
318,0,0,2,0,0,1,3,4,0,3,0,0,0,2,0,0,1,1,1,0,1,1,0,3,2,3,1,4,4,0,1,0,
319,0,0,3,1,0,1,4,4,4,2,0,1,0,1,0,0,1,1,0,1,1,1,0,3,3,3,2,2,4,2,1,0,
320,0,0,2,1,0,0,4,3,3,3,0,1,0,1,0,0,1,1,0,1,1,1,1,4,1,1,0,1,4,23,1,1,
321,0,0,2,1,0,1,2,2,2,2,0,1,0,1,0,0,1,0,0,1,1,0,1,3,1,1,0,0,2,12,0,1,
322,0,0,2,0,1,1,2,2,3,3,0,1,0,2,0,0,1,1,1,1,1,1,0,2,2,1,1,1,2,3,1,1,
323,0,0,2,1,0,1,3,1,3,3,0,0,0,2,0,0,1,0,0,0,1,1,0,2,3,2,1,2,4,1,1,3,
324,0,0,2,1,1,1,0,2,0,0,1,0,1,2,0,0,0,0,0,1,1,1,0,2,2,2,1,2,1,0,1,3,
325,0,1,3,1,0,1,4,4,2,2,0,1,0,2,0,0,0,0,1,1,1,1,0,3,2,2,1,1,2,3,1,2,
326,0,1,2,1,0,1,3,3,2,3,3,1,0,0,0,0,0,0,1,0,1,1,0,3,2,4,2,4,4,3,1,0,
327,0,1,2,0,0,1,2,2,3,2,0,1,3,0,0,0,1,0,0,1,1,1,0,3,3,4,4,4,3,8,1,0,
328,0,0,2,1,0,1,4,4,4,3,0,1,0,2,0,0,1,1,1,1,1,1,0,4,3,3,0,2,3,7,0,0,
329,0,0,2,1,0,1,4,4,4,4,0,1,1,2,0,0,1,1,0,0,1,1,1,3,2,2,0,1,3,4,1,2,
330,0,1,3,1,1,1,2,2,2,2,0,1,0,3,0,0,1,0,1,1,1,1,0,3,4,4,1,3,4,2,0,0,
331,0,0,2,0,0,1,2,4,0,2,0,0,0,2,0,0,1,0,0,1,1,1,1,3,3,2,0,0,4,7,1,2,
332,0,0,3,1,0,1,3,3,3,3,1,1,0,1,0,0,0,0,1,1,1,1,0,4,2,3,0,0,3,0,0,0,
333,0,0,3,1,1,1,2,2,2,2,1,2,0,1,0,0,0,0,1,0,1,1,1,3,2,2,0,0,1,0,0,2,
334,0,0,3,0,0,1,2,2,0,2,0,1,1,3,0,0,0,0,1,1,1,0,0,3,3,3,0,0,3,0,0,0,
335,0,0,2,1,0,1,3,4,3,2,0,1,0,2,0,0,0,0,0,1,1,1,0,3,3,4,0,2,4,16,1,0,
336,0,0,4,0,0,0,3,1,3,0,1,2,0,2,1,0,0,1,0,1,1,0,0,4,3,2,0,1,4,12,1,1,
337,0,0,2,1,0,1,3,2,2,2,1,1,0,1,0,0,1,1,0,1,1,1,1,3,2,1,1,2,1,0,0,1,
338,0,0,3,1,1,1,3,3,3,3,1,1,0,3,0,0,1,0,0,1,1,1,0,4,2,2,0,0,0,7,1,2,
339,0,0,2,0,0,0,3,2,2,2,1,1,0,1,0,0,1,1,0,1,1,1,0,3,2,2,1,2,1,4,1,3,
340,0,0,4,1,0,1,2,1,3,3,1,2,0,2,1,0,0,1,1,1,1,1,1,3,2,3,0,2,2,4,1,1,
341,0,1,3,1,0,1,4,4,4,3,1,0,0,1,1,0,1,0,1,1,1,1,0,3,2,2,1,1,1,0,0,2,
342,0,1,3,1,1,1,3,4,3,2,1,1,0,1,0,0,0,0,1,1,1,1,1,3,2,2,0,2,4,11,1,3,
343,0,0,2,1,0,0,2,2,0,0,1,0,0,1,1,0,1,0,0,1,1,1,1,2,2,0,0,1,3,0,0,2,
344,0,0,3,1,0,1,2,3,0,2,0,1,0,2,0,0,1,0,0,1,1,1,0,3,2,2,0,1,2,4,1,2,
345,0,0,3,1,0,1,3,2,2,3,2,1,0,2,0,0,0,0,0,1,1,1,1,4,3,2,1,2,0,7,1,3,
346,0,1,3,0,0,1,4,3,4,3,0,1,0,2,0,0,0,0,0,1,1,1,1,4,2,1,0,1,3,9,1,1,
347,0,1,3,1,0,1,4,3,4,2,0,1,0,2,0,0,1,1,0,1,1,1,1,4,3,4,1,2,4,0,0,0,
348,0,0,2,1,0,1,4,3,1,2,3,1,0,2,0,0,1,1,1,1,1,1,1,3,3,2,0,2,3,0,1,3,
349,1,1,3,0,0,1,3,2,2,2,0,1,1,0,1,0,1,0,0,0,1,1,0,1,4,4,4,4,4,10,1,1,
350,1,1,4,0,0,1,1,1,2,3,1,2,2,1,3,0,0,0,0,1,1,1,0,4,3,3,2,2,1,8,0,0,
351,1,1,2,1,0,1,3,3,1,2,0,1,1,1,0,0,1,1,0,1,1,1,0,3,4,3,1,2,2,2,1,0,
352,1,1,3,1,1,1,1,3,0,3,0,1,0,0,1,0,0,0,0,1,0,1,1,3,2,2,1,2,2,7,0,3,
353,1,1,4,0,0,1,1,1,2,2,1,2,2,0,1,0,1,0,0,1,1,1,0,3,3,3,2,2,4,4,0,0,
354,1,1,2,0,0,1,4,3,3,2,1,1,1,1,0,0,1,1,1,0,1,1,1,3,4,4,0,2,1,4,1,0,
355,1,0,3,1,0,1,3,3,3,3,0,0,0,1,0,0,1,0,0,1,1,0,1,4,2,3,0,0,4,0,0,0,
356,1,0,2,0,0,1,4,4,4,3,2,0,1,1,0,0,1,1,1,1,1,1,0,3,2,2,0,1,4,4,1,2,
357,1,0,2,1,1,0,3,2,3,2,3,1,1,1,0,0,0,0,0,1,1,0,1,0,1,2,0,1,4,2,1,2,
358,1,1,3,1,1,1,1,1,2,3,1,0,1,0,0,0,0,0,0,0,1,1,1,2,2,1,0,1,2,4,1,1,
359,1,0,3,1,1,1,1,1,0,3,0,0,1,2,0,0,0,0,0,1,1,1,0,4,2,1,0,0,3,0,1,1,
360,1,0,3,0,1,0,1,4,0,2,0,1,2,1,0,0,0,0,0,1,1,0,1,3,2,3,0,3,4,0,1,0,
361,1,1,3,0,1,1,1,1,0,2,2,1,1,1,1,0,0,0,1,0,0,0,0,3,3,2,1,2,4,2,1,1,
362,1,0,3,1,0,1,3,3,3,3,2,1,1,1,0,0,1,0,0,1,1,1,1,3,2,1,0,2,2,0,1,1,
363,1,0,2,1,1,1,4,4,0,0,0,1,0,1,0,0,1,1,1,1,1,1,1,1,2,3,0,0,0,0,1,0,
364,1,0,2,0,0,1,1,2,2,3,0,0,1,1,0,0,0,0,0,0,1,0,0,2,1,1,0,1,2,0,1,1,
365,1,1,3,0,0,1,1,3,0,2,0,1,1,1,0,0,1,1,0,1,1,0,0,2,2,3,1,3,2,4,1,0,
366,1,1,3,1,1,1,4,4,4,3,2,1,1,2,0,0,0,1,0,1,1,1,1,3,1,1,1,1,4,0,1,1,
367,1,0,2,0,0,1,1,1,2,3,3,1,2,0,1,0,1,1,0,1,1,1,1,4,1,0,0,1,0,0,0,2,
368,1,0,3,1,0,1,2,3,0,3,0,0,1,0,0,0,1,1,0,1,1,1,1,4,1,2,0,1,3,0,1,2,
369,1,0,3,0,0,1,4,4,2,4,2,0,2,1,0,0,1,1,0,0,1,1,1,2,1,1,3,1,4,10,1,1,
370,1,0,4,1,1,1,3,2,3,3,1,2,1,1,2,0,0,0,1,1,1,0,1,2,1,1,0,0,2,4,0,3,
371,1,1,3,0,1,1,1,2,0,3,2,0,2,0,0,0,1,1,1,1,0,1,1,3,2,2,1,2,2,3,1,3,
372,1,0,2,1,0,1,2,2,2,0,1,1,0,2,0,0,0,0,1,1,1,0,1,2,3,2,0,0,2,8,1,2,
373,1,0,2,0,0,1,1,2,2,2,0,1,0,0,0,0,0,0,1,1,1,1,0,2,4,4,0,2,0,14,0,0,
374,1,0,3,0,1,1,4,4,2,2,3,1,1,2,0,0,0,0,0,1,1,1,0,4,3,3,0,0,0,0,1,0,
375,1,0,3,0,0,1,1,1,2,2,1,1,3,2,0,0,0,0,0,1,1,1,0,3,2,1,0,1,3,2,1,1,
376,1,0,5,1,0,1,4,2,1,2,0,2,1,2,2,0,1,1,0,0,1,1,1,4,3,2,0,0,2,4,1,1,
377,1,0,3,0,1,1,4,4,4,3,0,1,0,1,0,0,0,1,1,1,1,1,0,4,3,2,2,3,1,4,1,2,
378,1,0,3,1,0,1,3,3,2,2,1,1,0,1,0,0,0,1,0,1,1,1,1,3,0,2,0,1,0,0,1,2,
379,1,0,2,0,0,1,3,1,0,2,3,1,0,1,0,0,1,1,1,0,1,1,0,3,4,3,1,2,0,17,1,0,
380,1,1,3,1,0,1,4,4,4,4,1,0,0,1,0,0,0,1,1,0,1,1,0,2,1,3,0,3,1,4,1,0,
381,1,1,3,0,0,1,2,1,2,2,2,1,1,0,0,0,0,0,1,0,1,1,1,3,3,2,0,2,4,5,0,3,
382,1,1,2,1,0,1,2,3,2,3,1,0,1,1,0,0,0,0,1,1,1,1,0,3,3,2,0,0,2,2,1,2,
383,1,1,4,0,0,1,1,1,2,3,2,1,1,0,1,0,0,0,0,1,1,0,0,3,2,1,0,2,4,0,0,3,
384,1,1,3,0,0,1,4,2,2,2,1,0,1,0,1,0,0,1,0,1,1,0,0,4,3,2,3,2,2,14,0,3,
385,1,0,3,0,0,1,2,2,0,2,2,1,1,2,0,0,0,1,0,1,1,0,0,4,2,2,0,2,3,2,1,3,
386,1,0,3,0,0,1,4,4,4,0,3,1,2,0,0,0,1,1,1,1,1,1,1,3,3,2,1,1,4,7,0,2,
387,1,0,4,0,0,1,2,3,3,2,0,1,0,2,1,0,0,0,1,0,1,1,0,4,3,1,0,1,4,0,0,3,
388,1,0,3,1,1,1,3,1,4,3,0,1,0,1,0,0,1,1,0,1,1,1,0,3,2,3,0,0,0,0,0,0,
389,1,0,3,1,0,1,1,1,2,2,0,1,1,1,1,0,0,0,1,1,1,0,0,0,0,0,0,0,4,0,0,2,
390,1,1,5,1,1,0,2,2,3,3,0,2,0,1,2,0,1,1,0,1,1,0,0,4,4,3,3,4,3,11,0,0,
391,1,1,2,1,1,1,3,1,3,3,0,1,1,0,0,0,0,0,0,0,1,1,0,1,3,4,2,3,1,3,1,0,
392,1,1,6,0,0,1,1,1,2,2,0,2,0,0,3,0,0,0,0,0,1,0,0,4,4,2,2,2,2,3,0,1,
393,1,1,3,0,1,1,3,2,3,2,0,1,2,0,0,0,0,0,0,0,1,1,0,3,3,0,2,3,4,0,1,2,
394,1,1,4,1,1,1,1,1,2,0,0,0,0,0,0,0,0,0,0,1,1,1,0,2,1,2,2,2,4,5,0,1,
